{"2344780": ["ski lift", "hill", "snow"], "2395928": ["hand", "basket", "nail", "hot dog"], "2400852": ["bear", "hammock", "removed"], "2372966": ["bench", "park", "bush", "bush", "bush", "bush", "bush"], "2333939": ["man", "water", "boat"], "2388957": ["tail", "floor", "dog"], "2417782": ["sheep", "lamb", "grass", "enclosure"], "2324417": ["motorcycle", "wagon", "red"], "2412873": ["wall", "zebra", "ground"], "2386490": ["skateboard", "man", "wheels"], "2408710": ["sheep", "sheep", "sheep", "removed", "grass"], "2399953": ["cell phone", "man", "shirt"], "2376679": ["hot dog", "bun", "hand", "napkin"], "2324965": ["persons", "tree"], "2348958": ["head", "woman", "cow"], "2324298": ["man", "big tattoo", "big tattoo", "smart phone"], "2379998": ["soup", "butter", "table", "spoon"], "2413290": ["fork", "cake", "plate"], "2318631": ["man", "bread"], "2354676": ["man", "bench", "motorcycle"], "2362613": ["bus", "road"], "2400297": ["plane", "airport", "pole"], "150433": ["jacket", "woman", "pants", "stripe"], "2365162": ["pony", "trees", "grass"], "2317414": ["tea", "mug", "tea", "mug", "spoon"], "2387889": ["man", "green fence", "tennis court"], "2342205": ["fence", "sidewalk"], "2322535": ["image", "beach", "woman", "yellow frisbee"], "2324702": ["removed", "tower"], "2367942": ["removed", "plane", "sky", "clouds"], "2392417": ["giraffe", "sky"], "2406780": ["letters", "street sign", "pole", "stop sign"], "285737": ["flowers", "vase", "cloth"], "2361163": ["fence", "wall", "pole", "sign"], "2390563": ["airport", "plane"], "2352208": ["man", "shirt", "glasses", "man", "shirt"], "2322051": ["carrots", "carrots", "juice", "plate", "sandwich"], "2403703": ["plane", "fence", "barbed wire"], "2404438": ["man", "water", "surfboard"], "2358288": ["umbrella", "person"], "2332066": ["motorcycle", "number", "person"], "2364015": ["bedroll", "backpack", "boy"], "3419": ["church", "grass", "sidewalk"], "2360775": ["man", "removed", "phone"], "2372159": ["sky", "woman"], "2326814": ["wall", "dog", "chicken"], "2353706": ["removed", "wires", "train"], "2395937": ["surfer", "surfboard", "removed"], "2403742": ["pot", "onion"], "2365527": ["train", "removed", "removed", "removed", "removed", "removed", "removed"], "2405794": ["sheep", "pasture", "boy"], "2401559": ["slope", "person", "flag"], "2397212": ["water bowl", "dog", "shoe", "removed"], "2373286": ["removed", "removed", "two bears", "fence"], "2380125": ["street", "people", "windows", "building"], "2341126": ["bear", "log", "green grass", "green grass", "removed"], "2404916": ["trees", "road", "line"], "2396370": ["field", "trees", "mountains", "sheep"], "2381791": ["frame", "removed", "bars"], "2398621": ["grass", "lake", "bench", "tree"], "2371474": ["monkey", "banana", "spot"], "2324151": ["man", "frisbee", "dog"], "2366812": ["tree", "sidewalk", "clock"], "2369145": ["person", "cat", "removed", "jeans"], "2349379": ["girl", "umbrella", "couch"], "2383548": ["sweater", "guy", "blue stripe"], "2381529": ["bear", "cub"], "2353524": ["cake"], "2375257": ["sign"], "2344937": ["man", "sign", "ground"], "2377261": ["laptop", "table"], "2326050": ["shirt", "bananas"], "2373660": ["bed", "room", "light"], "2365758": ["blue chair", "table", "plate", "pizza", "ground"], "2337219": ["zebra"], "2386065": ["man", "ocean", "waves"], "2382026": ["sky", "building", "bench", "girl"], "2365904": ["bike", "shops", "street"], "2414338": ["plate", "table"], "2352910": ["desk", "television"], "2378731": ["panel", "grass"], "713761": ["car", "beach", "sky"], "2404384": ["christmas tree", "teddy bear", "couch"], "2360226": ["line", "train"], "2335250": ["refrigerator", "door", "handle", "door"], "2317852": ["man", "motorcycle", "removed", "track"], "2319564": ["removed", "man", "street", "umbrella"], "2323582": ["train", "removed", "removed", "removed"], "2349001": ["wrapper", "hot dog", "bun"], "2386367": ["frisbee", "man", "banner"], "285734": ["cat", "ears", "cat"], "2319427": ["sky", "tracks", "train"], "2330790": ["person", "racket"], "2417492": ["man", "shirt", "tie"], "2381808": ["snow", "removed", "hydrant"], "2351443": ["someone", "snow powder", "snowboarder"], "2374063": ["desk", "bed"], "2345740": ["cake", "removed", "removed"], "2386807": ["person", "headband", "nike trademark"], "2406719": ["cat", "bed", "laptop", "comforter", "hind foot", "hind foot"], "2319361": ["bear", "ground"], "2363865": ["ramp", "skateboarder", "park"], "2386244": ["tennis court", "tennis player"], "2342727": ["trunk", "elephant", "mouth"], "2330572": ["child", "child", "removed", "sunglasses", "head"], "2337830": ["people", "train", "grass"], "2369280": ["cat", "monitor"], "2367974": ["bowl", "lemons", "table"], "2347493": ["seagull", "water"], "2377799": ["boy", "tape"], "2407783": ["bike", "wall", "umbrella"], "29": ["grass", "beach", "grass", "boat"], "2412124": ["removed", "grass", "sheep", "sheep", "sheep", "sheep", "sheep"], "2361479": ["clock", "tower", "building", "trees"], "2364898": ["umbrella", "underside", "people", "beach"], "2345940": ["woman", "surfboard", "sand"], "2335138": ["elephant", "removed", "street"], "2412523": ["umbrella", "woman"], "4446": ["building", "hill", "snow"], "2326386": ["skier", "rope", "removed", "removed", "removed", "removed", "removed", "removed"], "2346070": ["removed", "giraffe", "removed", "removed"], "2374010": ["mannequin", "suit"], "2405054": ["man", "yellow", "helmet"], "2385290": ["people", "bricks"], "2401881": ["train", "cover"], "2326113": ["two horses", "field", "removed"], "2386841": ["oranges", "clutter", "faces"], "2364037": ["road", "skateboarder", "skateboarder", "skateboarder", "removed", "removed", "removed"], "2416626": ["bag", "doughnut", "doughnut", "doughnut", "hand"], "2394267": ["muffin", "coffee", "plate", "coffee cup"], "2393114": ["bus", "building"], "2388996": ["hydrant"], "2353171": ["woman", "luggage", "removed"], "2389013": ["lid", "table", "sandwich", "cup"], "2337598": ["airplanes", "sky", "cloud"], "2319377": ["man", "banner"], "2363504": ["oven", "wall"], "2380870": ["ceiling", "bed", "bed", "removed"], "2397474": ["giraffe", "fence", "giraffe", "pole"], "2371565": ["skiis", "snow", "people"], "2413316": ["wall", "woman", "removed"], "1593076": ["train", "yellow stripe", "red light"], "2316625": ["bag"], "2335461": ["head", "giraffe", "fist"], "2317678": ["cat", "laptop", "fur"], "2395780": ["water", "man", "wave"], "2353723": ["removed", "train", "clouds", "sky"], "2318166": ["panel", "panel", "window", "window", "couch"], "2316130": ["sidewalk", "stone", "clouds", "sky"], "2318165": ["wall", "road", "red paint"], "2322884": ["man", "chihuahua", "removed", "bag"], "2405721": ["suitcase", "chair", "railing"], "2320456": ["tent", "pole", "bananas hanging"]}