{"2344780": "Ski lift over the hill. Snow on the hill.", "2395928": "Hand holding edge of food basket. Thumb nail on left hand. A hot dog in basket.", "2400852": "Bear inside hammock with fur sticking out. A heavy duty strapped hammock.", "2372966": "A tree and a bench in a park. Bushes are growing in the park.", "2333939": "A man on the water. Boat in the water.", "2388957": "Puppy's white tail on floor. Wood floor under the dog.", "2417782": "Lamb standing by the side of mother sheep. Dried brown grass covering enclosure.", "2324417": "A modified motorcycle at an event. Big red wagon.", "2412873": "Rock wall behind the zebras. Ground is dry and dusty.", "2386490": "Young  man on skateboard. Skateboard with yellow wheels.", "2408710": "Sheep looking toward other sheep. The hill is covered in grass.", "2399953": "Man is on his cell phone. Man is wearing a white t-shirt.", "2376679": "Grilled hotdog in bun. Hand holding hotdog and napkin.", "2324965": "Persons gathered in outdoor area. Tree carved in a shape.", "2348958": "The head of a woman. Woman touching brown cow.", "2324298": "Man with big tattoo. Man holding a smart phone.", "2379998": "Soup, bread, and butter. Spoon on a plate.", "2413290": "Fork is silver. A piece of cake in the plate.", "2318631": "The man is standing next to an oven. A man making bread.", "2354676": "Man sitting on a bench. Man sitting next to a motorcycle.", "2362613": "The bus is red. Red bus in the street.", "2400297": "Airplane in airport. Light poles in airport.", "150433": "A skier in a blue jacket. Skiers pants are grey with blue stripe. Blue ski jacket with matching ski pants.", "2365162": "Trees behind the pony. A pony standing on grass.", "2317414": "Tea inside of two coffee mugs. Silver spoon in a cup.", "2387889": "A man is playing tennis. Green metal fence surrounding tennis court.", "2342205": "The fence is black. The sidewalk is gray.", "2322535": "A image at a beach. Woman standing on beach reaching for yellow frisbee.", "2324702": "A large brown clock tower. A clock tower at the water front.", "2367942": "The plane is blue. A plane in the sky with clouds.", "2392417": "This is a tall giraffe. The sky is cloudy and blue.", "2406780": "Sign says 1300 east. 1300 east sign is at top of the pole. Stop sign is third on pole.", "285737": "Flowers in a vase. Flower vase on the table.", "2361163": "A metal fence is in front of the wall. Gray metal pole supporting a sign.", "2390563": "Plane at the airport. Red and white plane.", "2352208": "Man standing wearing gray shirt. Man wearing glasses and white shirt.", "2322051": "Shredded carrots to match the juice. A round white plate for the sandwich.", "2403703": "Airplane behind the fence. Barbed wire on top of fence.", "2404438": "A single man in the water. A white surfboard underneath a surfer.", "2358288": "A pink parasol. Man with a parasol umbrella.", "2332066": "Motorcycle with number 7 on the side. Person in all black riding red motorcycle.", "2364015": "Bedroll on olive colored backpack. Boy is carrying an outdoor backpack.", "3419": "Large cathedral behind the grass. Sidewalk between the grass.", "2360775": "A man sitting down. Guy sitting and looking at his phone.", "2372159": "Blue of daytime sky. Person on skis.", "2326814": "A brick wall near the dog. A dog watching the chicken.", "2353706": "A long dark blue train engine. Electrical wires above train.", "2395937": "Surfer is on his surfboard. Man is riding the wave on surfboard.", "2403742": "Round silver pot. Onions in a pot.", "2365527": "A train in a station. Cables are crossing overhead.", "2405794": "Sheep on the field. A fence separates the boy from the sheep.", "2401559": "A person skiing down a snow covered slope. Long red flag in the snow.", "2397212": "The dog's water bowl. One shoe is lying in front of dog. Brown puppy dog playing with shoe.", "2373286": "Two black bears are close together. Two bears next to a chain link fence.", "2380125": "People waiting to cross the street. Building with many windows.", "2341126": "Bear is leaning over log. Grass behind bear is green.", "2404916": "Greenery behind road. White dotted line in road.", "2396370": "Hundreds of trees beyond the meadow. Green mountain in the distance. The lamb is standing in the field.", "2381791": "Blue paint frame of window. Red bars across window.", "2398621": "Grass next to lake. The bench is under a tree.", "2371474": "Monkey eating a banana. A black spot on the banana.", "2324151": "Man throwing a frisbee. A dog watching the frisbee.", "2366812": "The large bare tree. A sidewalk by the clock.", "2369145": "Cat standing next to a person. The cat is next to the person wearing jeans.", "2349379": "Little girl holding an umbrella. Girl with umbrella on a couch.", "2383548": "Man wearing a brown sweater. Brown sweatshirt with blue stripe.", "2381529": "The bear is brown. The cub is behind the momma.", "2353524": "A cake of aniversary. Two cakes with shape of buildings.", "2375257": "The fire hydrant is red. The pole is black.", "2344937": "A man in black. Wooden sign standing on wet ground.", "2377261": "Black dell lap top closed. Brown round table holding technology items.", "2326050": "A man wearing a blue shirt. Several bunches of bananas hanging from the door way.", "2373660": "A bed is in a room. A hanging light is in a room.", "2365758": "A blue chair next to table. The plate is on the table. A slice of pizza on a blue plate.", "2337219": "The zebra is standing. The zebra has stripes.", "2386065": "A man is surfing in the beautiful water. Wave under the surfer.", "2382026": "A woman with long red hair. The cement bench the girl is sitting on.", "2365904": "The snow covered bike. The shops that are shown across the street.", "2414338": "Plate is red and white. Counter is under the plate.", "2352910": "A light colored wood desk. Black frame on tv.", "2378731": "A solar panel. The solar panel is sitting in the grass.", "713761": "An orange car on the beach. Blue sky above the land.", "2404384": "Christmas tree and teddy bear in living room. Brown teddy bear on tan couch.", "2360226": "A long yellow line. Part of a gray, red and blue train.", "2335250": "Refrigerator door handle. Two doors to the refrigerator.", "2317852": "Man racing a motorcycle. Red and white striping next to track. Track the man is racing on.", "2319564": "Man is holding a black umbrella. Man walking down street with closed umbrella.", "2323582": "Train in an outdoor train station. Roof covering the outdoor train stop.", "2349001": "A wrapper below the hotdog. A hotdog between the buns.", "2386367": "Person with a yellow frisbee. Large banner covering fence along back.", "285734": "Cat with dark ears sitting. Two cats on a sidewalk.", "2319427": "Clear blue skies. Multiple train tracks.", "2330790": "A young man playing tennis. A young man holding a tennis racket.", "2417492": "Man wearing a white shirt. Man wearing a tie.", "2381808": "Snow covering the ground. Red fire hydrant in the snow.", "2351443": "Someone doing a snowboarding trick. Snow powder kicked up by snowboarder.", "2374063": "Wood desk connected to wall. Two hotel room beds.", "2345740": "This is a cake. A cake with pink frosting.", "2386807": "A green headband a guy is wearing. A nike trade mark on the headband.", "2406719": "Cat laying on bed and laptop. Wrinkled comforter under cat. The cat has paws on the laptop.", "2319361": "A black shiny bear. Ground covered in mulch.", "2363865": "A straight wooden ramp. Two people skateboarding at a park.", "2386244": "Section of green tennis court with white scratches. Man playing tennis.", "2342727": "The trunk of a elephant. Trunk of elephant is in his mouth.", "2330572": "A child rowing a boat. Red sunglasses on the childs head.", "2337830": "People riding a train. A section of green grass.", "2369280": "Small orange tabby cat. Computer monitor behind cat.", "2367974": "A brown wooden bowl holding the lemons. A grey table under the bowl.", "2347493": "Seagull over the water. Surface of water with ripples.", "2377799": "Little boy practicing swinging tennis racket. Yellow tape strung across court.", "2407783": "Bike is parked by wall. Umbrella over bike.", "29": "Beach grass in the sand. There is a boat on the beach.", "2412124": "Large grass field. Sheep are eating grass.", "2361479": "Tall white clock tower. Trees in front of a building.", "2364898": "Underside of two umbrellas. Two people on beach.", "2345940": "The woman is standing on a surfboard. The surfboard is lying on the sand.", "2335138": "Family riding past elephant. Elephant in the street.", "2412523": "Pink doted umbrella. Young woman.", "4446": "Building at base of hill. Snow covering side of hill.", "2326386": "Yellow rope going to skier. Many large rocks on shore.", "2346070": "A tree branch near the giraffe's head. Leaves of the tree.", "2374010": "White colored male mannequin. Mannequin in a dark pinstriped suit.", "2405054": "Man has white helmet. The man is holding ski poles.", "2385290": "A group of people entering and exiting the bus. A tall brick building next to the bus stop.", "2401881": "The train in the station. The cover over the train station.", "2326113": "Two horses standing in a field. A field of grass on the ground.", "2386841": "Clutter in the background behind oranges. The oranges have faces on them.", "2364037": "Road three skateboarders are on. Three guys skateboarding.", "2416626": "White bag under the doughnuts. Hand holding bag.", "2394267": "Breakfast meal with coffee. The coffee mug is beside the plate.", "2393114": "White and green double-decker bus. Large white building.", "2388996": "Fire hydrant is red. Top of hydrant is black.", "2353171": "Women carrying luggage. Woman walking on the tracks.", "2389013": "Lid on the table. Food on wooden picnic table. Coffee beside sandwich.", "2337598": "Airplanes flying in the sky. Blue sky with white cloud.", "2319377": "Man is texting on his phone. Movie banner on a post.", "2363504": "The kitchen appliance is white. The wall is made of red brick.", "2380870": "Ceilings are made of wood. Bedroom with two beds in it.", "2397474": "Two giraffes behind the fence. The wooden pole holds up the fence.", "2371565": "Skies with snow on top. People wearing skies.", "2413316": "The wall behind the woman is green. The woman is playing tennis.", "1593076": "A blue and red train with yellow stripe. A red light for the train.", "2316625": "Empty blue and black duffle bag near cat. Orange and black duffle bag with cat sitting on top.", "2335461": "Head of giraffe. Fist near giraffe's head.", "2317678": "A black cat under a laptop. The fur of a black cat.", "2395780": "Man in water. White wave in water.", "2353723": "Electric power lines for train. White clouds in the blue sky.", "2318166": "Window with brown paneling. Couch in front of the window.", "2316130": "The sidewalk made with stone. The white clouds in the sky.", "2318165": "A big wall in road. Red paint in the wall.", "2322884": "Man holding chihuahua. Man carrying a dog and a bag.", "2405721": "A brown suitcase beside a chair. A chair is in the corner up against a railing.", "2320456": "Tent is made of logs. Bananas hanging from pole."}