{"0": "08K4", "1": "1Q2C", "2": "23UO", "3": "2E2I", "4": "2S0Y", "5": "36UP", "6": "69JB", "7": "6DRP", "8": "8AO7", "9": "8OOQ", "10": "8U0V", "11": "AIPD", "12": "AK57", "13": "AM1X", "14": "BB0Z", "15": "BKOE", "16": "C67Q", "17": "E5ZN", "18": "EWCX", "19": "FK84", "20": "MDVL", "21": "OKX6", "22": "QGTH", "23": "S9JK", "24": "WOVX", "25": "XBLR", "26": "ZU77", "27": "3HFV", "28": "3ICF", "29": "3MXQ", "30": "8UXS", "31": "9GVV", "32": "AFOR", "33": "AHXM", "34": "BHX9", "35": "E4F4", "36": "EWF4", "37": "JANS", "38": "K8FG", "39": "LM4V", "40": "NYL1", "41": "V4JN", "42": "VOIE", "43": "WN9O", "44": "XF74", "45": "Y6IS", "46": "YE38", "47": "YG7B", "48": "YKWC", "49": "YYI0", "50": "ZDA8", "51": "ZG5R", "52": "ZSAV", "53": "ZX4V", "54": "01OF", "55": "123H", "56": "2MJ5", "57": "2SRQ", "58": "3E8K", "59": "4LN3", "60": "6RWA", "61": "8M6A", "62": "ASPK", "63": "ATCZ", "64": "CBLF", "65": "CENS", "66": "DD2F", "67": "HQ59", "68": "IKX3", "69": "M1NX", "70": "N1NH", "71": "OCGX", "72": "OQOU", "73": "OY2C", "74": "P170", "75": "QYCH", "76": "R1W4", "77": "T16T", "78": "W6ZM", "79": "CEOP", "80": "IGL8", "81": "KT7I", "82": "DVZG", "83": "JJ74", "84": "LEK3", "85": "LOEA", "86": "T9YT", "87": "URA1", "88": "HXWO", "89": "VUHU", "90": "7ZBP", "91": "HDPJ", "92": "21QP", "93": "APKR", "94": "FMAU", "95": "S3ZK", "96": "2EU3", "97": "2UWA", "98": "GBE0", "99": "GBQS", "100": "IYME", "101": "O8UQ", "102": "P2VD", "103": "LXPU", "104": "WNTO", "105": "UM4Y"}